Date,Small Low,Small Neutral,Small High,Big Low,Big Neutral,Big High
20150109,-0.7823143627275764,-0.7184778775616407,-2.316846566882358,-1.2237378971301949,1.5954805578711984,-0.604790399045918
20150116,-2.773122898565439,1.8028336679000612,-0.8590566521730847,-1.0576865059421237,-2.545100829211411,-2.5603786477211843
20150123,0.9624604241635693,-0.4312699886818483,-0.11035294449451838,3.686402857798887,3.4534374190358097,-0.2677543188445264
20150130,-0.015146447483727066,-0.4614791185583722,1.6015727767821453,-0.43031528869298397,-1.4891675826645412,0.45959693436212756
20150206,0.8399874235565763,2.108750039787499,-0.3699855513663364,0.5652712201371868,1.1941153854585718,-0.5946185214919741
20150213,-0.3371460908273005,0.11918555009455822,-0.4874580682658669,0.5231031620862581,1.81532863600109,-2.7033597859324576
20150220,0.7101553445544528,0.2573290903834513,-1.9397392904738964,-0.5470084506152828,2.094251622030785,1.3989913494674822
20150227,-0.13486755061872246,1.2322337231187142,0.22505228009732647,0.43351123561108373,1.4268193077644709,1.1282540552174147
20150306,0.9464195046612334,2.976295514695093,0.23672898029629685,1.8319265367741755,0.6018177879107522,-0.41548114994826024
20150313,1.292491280961916,-2.4445492735073793,-0.4529680877892184,-1.3471303506833898,-2.1730779262555844,-0.7323749003875446
20150319,0.05070640113353786,0.633271427860671,-1.0381904000058007,-0.01984964354482255,1.47139575885884,2.8066005789371795
20150327,-0.8384527558336186,-4.214474721753991,-1.5433174982409703,-1.028365490195149,-0.0992400851574371,-2.4516361790833274
20150402,1.9731522976533356,2.1397309695214695,0.2119600507110686,1.7332666397143148,1.3281720269638253,1.6604909389170475
20150410,-0.10554624219085706,3.2481781116432407,0.7157619583645136,0.7485731214525115,0.08277406340237992,2.981912636586004
20150417,0.5989797454718948,-3.2579252752690135,0.816747997482703,-1.2800457664651987,-0.7902286676204517,-2.681329603502458
20150424,1.1121742869578455,-2.2465637843110065,0.49058856737749235,1.656300815364653,-0.9034857369140781,-0.6740005432785634
20150430,-2.3635136867813267,-2.9376291640945906,-2.8307001047426006,-6.092883401551019,-6.446502229171502,-1.333290564978229
20150508,-1.5350246986854388,-0.912804042507942,-0.3828815883419323,2.909929239644793,1.7418564332848607,-1.817697729120582
20150515,2.296526184020742,1.0479931762609862,0.30976113668497174,0.7671515221354896,0.8059135986367316,1.5717925226168106
20150522,-1.0020521667399085,0.4822743559814935,0.785348688806442,1.228813067599055,2.9477934999855515,0.34104139281010415
20150529,0.5533986000185287,-0.7973538351699672,-0.29436455133341477,-0.7417460776050544,-4.890298234646783,-4.131867874019157
20150605,0.9594242607500414,-0.7330076097673222,-3.03565568033507,-2.1722723586643733,-1.0411929217713278,-1.7623483683669838
20150612,1.2992614600412455,-3.005389271286185,-2.615260788232532,-2.019399703266578,-5.904444210888804,-3.0484387683314296
20150619,-0.6103202599825774,1.4828238636726887,0.07890040165723367,1.12851933397895,1.8843093219051754,-1.09887717588657
20150626,1.273023342354196,1.1567106656909854,-0.024508138568679616,-1.476389488259744,-0.9141211508037372,-0.10863710256617809
20150703,0.12008709608706258,1.4630998496592884,-0.7303003010904141,1.392551677218079,0.1578195044874997,0.22238987329181725
20150710,-0.3662186059056549,-1.5815044664473032,-1.3052199172385648,-1.9991770573076995,-2.2656722684684105,-4.880869795056775
20150715,0.6935838776548575,0.9829026146638942,-0.6723919057931349,0.8272236456817739,-0.2778984973088039,-0.5477305140340283
20150724,1.3149999641767218,2.5060692574248478,0.15539081820763467,1.452172095638149,-0.7304955453429018,-0.984829974746948
20150731,1.3430300607128576,-1.490155614786981,-0.6909737631254909,-1.5243752388627962,-1.8582866875834103,-0.8962112038340964
20150807,1.8153942839171933,-0.8122063257013035,-0.8598718676608663,-0.6296238748088046,-0.3291845433276652,-0.025782785709194123
20150814,-0.3916508858802903,-0.02282141193723497,-4.373122993546941,-3.76400878241413,-4.0820249403787585,-4.9025799561539625
20150821,-2.0411282645357964,-2.7019821738232586,-3.9646429380089,-4.860627926519023,-6.115938617934047,-3.827107665634766
20150828,3.288859786102627,-1.8656112592872254,-2.584517564116051,2.2467291482366925,1.069750660868074,2.6329098303166987
20150904,-2.0143981382282683,0.9970803547530549,1.0630395882899268,-0.5780167748590137,-0.41819718468993905,-1.9384785515530356
20150911,-0.8506973164256415,-0.8255168767415721,-1.0523922235862626,-0.8610342844983743,-1.2433047991590396,-1.467993013542479
20150918,3.2567122671398163,1.457443539579617,-0.76127133052869,0.35325187717136775,0.16005394684708296,0.3684691899213277
20150925,-0.8865382909445718,-0.18594906073393647,-1.1478431718774718,-4.191710065219912,-3.6449300954938257,-0.8448370204343525
20151002,0.02279584272548707,0.3554916423763821,-0.13696473634903228,2.474326567915175,0.4988647837770088,-1.5114365135054375
20151009,2.7010601919636112,1.232477170498214,2.500865130848906,8.456319655693111,9.492556113548577,10.728058906234539
20151016,-0.7135485771516237,-1.4618964161177472,-0.7670400127323007,-1.4597571046337743,-1.4082302546456482,-2.739598647213104
20151023,1.8109749957560872,0.771110351647808,1.4892403957216693,9.932771893093427,3.0344111471628743,3.603247563375045
20151030,-1.3659535795612077,-1.0271041474780307,-0.9082478655297099,-4.525871092989487,-5.098675517648676,-4.217767207223966
20151106,-0.6222539120117054,-0.42184708593197007,0.6674900250606797,3.2368650612879746,2.2560874302154588,0.57257264581283
20151113,1.4455107933783573,0.7111966466621489,-2.370631031672199,-1.1468493211439612,-3.7696148535775076,-4.3054798984478175
20151120,-0.604875668715632,-1.634631123065633,0.18592931839886973,1.585516388034347,1.1697659685134587,0.007504610804343059
20151127,-0.1526483280148483,-0.6174522426661833,0.8550198168208567,0.5523564422157845,0.2559602910315206,-2.243592146021156
20151204,1.138851790424411,-1.2347543982206166,-0.485686590847223,-0.4823509027581663,-2.7664760148047973,-3.519833941023587
20151211,-1.0476700614128642,-2.801044511473194,-1.6711289838021282,-2.7719212081679823,-2.271668216506373,-3.7518720895533098
20151218,3.0471300816387936,0.605549052395582,-0.04271847393241268,1.783361426969332,1.7551537299654196,0.6322977269475949
20151223,1.014845877165249,0.788922934560965,1.0389905196627636,1.337346202230938,0.9299784670132372,1.228399422749793
20151230,4.432236468244732,0.542186800292721,1.6930160252346838,0.7323606873297805,3.2888242815944935,2.591662447815146
20160108,-1.6792281699780087,-1.031565470566842,-2.000402219292574,-0.47879376577748545,-1.4783775055897452,-2.8787004224135826
20160115,0.10645283072419076,-0.26741606605121815,-0.3887436755808382,-0.2394205193149368,-0.749375671445196,-1.5115657594089171
20160122,-2.885678981691464,-1.8908534856393988,-0.8187574888541826,-1.7357584094343848,-0.8465427772521683,-0.8833374083074608
20160129,2.4367407811672015,0.5744884036060993,-0.6552445591959555,4.276373402132916,2.811638491329327,1.7946346377474942
20160205,-1.2948229010557477,-0.7029530590155542,1.7069676909917675,4.733608722620075,2.301222775554157,3.9962575168130066
20160212,1.1194501947895397,1.0792859588334425,-0.3465272955965326,-1.8608749424570026,-2.1580548799522536,-0.7534978784110136
20160219,-0.3387954416823158,-0.017115638384701537,1.8677027604595997,-0.5218065987564802,-0.30308414412757445,1.5872910444411303
20160226,0.1382367590200495,-0.21383739692519832,1.598741325723152,0.6426106612181348,0.982156514886956,-0.13819988395292748
20160304,-0.15569357021675279,1.718478445309679,2.4110967556039586,2.254206301862882,3.593128167748838,5.127400681938843
20160311,-1.950210002273478,0.3672557203264537,2.285312627542413,-1.7942990155784377,1.0898200036080663,4.725826129928468
20160318,2.2264754802976405,1.7465482512563968,4.543509451350847,1.3829747409749071,1.2366756989145022,-0.2259788167663035
20160324,1.9018491487523104,-0.5719374957022461,2.948757136519675,-1.6610882078163747,0.1944332033929408,0.29490104401512784
20160401,3.1966231853413296,0.16337718214849417,-2.5364929982564566,0.67378320104865,0.41287897143666985,0.8938378222992815
20160408,0.7171696925477145,-0.0021978700750491242,0.6165622727768882,-0.18782770976488727,0.19770741404387948,5.809772462983198
20160415,-1.4877791968496257,1.2337143226915037,-0.24555441249957122,-0.03313376688404146,-1.7905631687481716,0.6093597580612231
20160422,0.06329189401248492,0.33023770229452243,3.1272426671803633,1.5533391524988005,3.8258136480894045,5.477347723054038
20160429,0.9511786774807574,2.21503265758376,3.7470129556183673,-1.823797433648211,-2.6827820512353107,2.3076940422270376
20160504,-1.8015513694689789,-0.7719247227007453,-0.2598822706819437,0.22605926201546556,-0.6316643115223841,-0.711487284513479
20160513,-0.2846760586913799,0.7028452250479988,-0.04053850786671642,6.231590051493496,-1.5257505526394932,-3.1239113287751197
20160520,-1.710402340753181,0.5637675225345307,1.8673347168942422,-0.631947370794772,-2.135765405767398,-3.059688856653986
20160527,2.181975812156156,0.44905226340994364,0.5215313990972303,2.1168008920034787,3.092304478754415,2.068186382631554
20160603,3.2481562593392077,2.1914811904214737,-0.502276259042056,0.6052220569307432,1.103578308548081,4.021642790418545
20160610,-1.7148977064393667,2.2557411939511773,-0.5003016117634207,-0.4929135348416769,1.1229344025504462,6.356760211134405
20160617,-1.1552264211214802,-0.43195378584861555,-0.9901397310154048,0.07215501950881276,-1.150466990251231,-0.9572672305248053
20160624,-1.0108393620461897,-0.8214416895737431,0.31532340649231827,-0.3835778063819184,1.0613496288959245,-0.24607002703722625
20160701,2.044551939428141,0.8971113863459612,4.56881099483899,2.979504078265416,2.6205788396171936,3.5360710535069506
20160715,0.32079872111685503,2.0945528359449073,5.692329334795554,2.2275744726600655,3.9106461489422317,7.571073973659015
20160722,-0.7097114606936406,0.41811540169942596,2.031231399947009,1.599271903044719,2.86482806893813,3.581630158445792
20160729,0.5104449230305397,0.4171541309492266,2.2637686082366493,-0.6471003977579937,4.018268506053291,1.1847540330465423
20160805,0.658200778599749,3.445696880639737,2.804580261234002,3.2767243667785273,6.472943735926795,5.767581998515592
20160812,-1.1738357115594567,1.1140509167326895,1.7531617661955767,-0.8368457707318422,-1.1559637434910508,-0.014411186001450638
20160819,1.9054558346048855,-1.4393628311693552,-0.8414350387806246,0.8678539804173324,0.9065330612020972,1.310159996018223
20160826,-0.6387891738084739,-0.47995787723591476,-0.3155781173433514,0.24540954096645695,1.5043270203730197,-2.1989955080127466
20160902,0.86091286276333,-1.163437289745206,-1.659959405577771,-1.5312841753872153,-1.8607780807375018,-0.40976617836457896
20160909,-2.4989849095940375,-0.3191443904071889,0.33755261761481137,-1.3810110624036698,-1.0672695420728462,1.2140527437095816
20160916,1.2036043513083294,-0.9088059272146731,-3.7661004972071033,0.2767038945147293,-0.42543465632999267,-5.2780368342337125
20160923,-1.7229468707793405,0.6306997888807286,0.8991341040244238,2.3855201755467403,2.5037300398200957,1.5715305797419088
20160930,-2.9811140193030994,1.6136110854592989,1.3043836023091337,-0.940624588566974,0.28995319797398,2.6953579053341503
20161007,-0.501088216307155,2.0805991373366473,1.9422274556943897,0.4004630364001782,-0.02314795640121492,1.423652519152263
20161014,0.3773396523579331,-0.047199877629444664,1.523333599706822,0.20287592795724674,1.3033906018182329,1.02977679285563
20161021,-0.9608430910817423,-2.381840924278189,2.0815468475623877,-0.08383695937886904,0.21844940168813665,1.6537631573851241
20161028,-1.7201801074001266,1.8102463159231919,1.8332838308067867,-0.7659580030340951,1.866059876994286,2.5196417129521365
20161104,-2.4473243975220105,-0.5492489322247662,-0.167893233830696,-0.9895520218965337,-1.3095196718102775,3.892811920095074
20161111,0.45271534295439064,1.3050805218138173,-0.8386231864088378,-3.761053968633399,-0.9459595848846591,5.747460735380061
20161118,-1.239090451881053,1.0995434105456114,-1.1291891953227884,-0.8124299594568507,-1.16999584580737,-6.891094666057884
20161125,-0.8274858576065469,1.229048382258835,7.350651888108195,-1.3252497898147753,-1.320800297353153,4.80602858081649
20161202,0.8681514348951147,0.5354157493784539,2.1534762470679647,2.356344840927349,2.8793004314438653,1.3861526279445702
20161209,7.199811475912732,1.008374469918727,1.658796459211298,0.8213432726731806,2.303180652667769,-0.354227804367524
20161216,-0.45665744500287264,-0.41315570990400063,-0.5913329408238299,-1.4008284540442006,-1.1958329236755327,-1.2608153046073323
20161223,-1.5317844967585703,0.15633755905994917,-2.5444114461270817,-4.606368160982777,-2.174105060871978,-5.09006657140274
20161230,7.849265649997195,2.5100768718185007,1.5352893739934759,6.0711303299745945,4.884217353664488,2.4211365145396346
20170106,-4.2912168333899885,-0.4861799410292411,2.2100981830804667,1.463379522118391,-0.4359948883084219,1.4088659500362422
20170113,0.024254689632807747,0.5911745893496967,4.420992534917079,-1.865492580873973,-1.3754339587260245,-1.1975325439311568
20170120,-0.3432225027286351,-0.2002445800479924,6.563075662365425,-0.4652294769382559,-0.8029783812605107,-0.8054864903183412
20170127,0.12045977365571225,0.22542304296262472,5.207086389285931,1.2491377758855116,0.5220823988053791,0.23784652419072128
20170203,-0.6843531307651696,0.04139100428974807,-0.052071468767656004,0.6087495988532865,1.1294779478366435,4.781433728596118
20170210,-0.12031462866843867,0.07850329818341883,1.4225939235349871,-0.35001286574801727,0.8827088183246401,1.1201233850863357
20170217,1.076681537220625,0.6456596318141328,-4.815131157742525,-0.5269879558499002,0.3257191172680862,0.7128261189095486
20170224,-1.4500706426439747,0.3522543937566125,-1.422493819920978,1.007061296890055,0.6783536354433073,-0.3335855077461036
20170303,0.6379603888803764,-0.9918755656031175,2.3612944559487037,0.03346089792042317,0.5236886625569648,0.7746455817832842
20170310,0.26943020749776725,1.4165482698427656,-1.114637907448801,0.07256699016051638,0.23176714694785883,-2.8565647507361125
20170317,2.5537477357368,1.9556762546698803,4.143076147799563,3.0340044544453715,2.3098680751999057,2.9722997933120165
20170324,0.5255628065140794,1.064452689955231,3.273280726126937,0.4701931346261956,1.609267124802205,2.270628783720774
20170331,1.8038065716533769,3.0550344620973835,1.7160337806694015,-0.246289973250291,0.276558854278508,1.611478619144191
20170407,-2.77106631754922,1.3010284991182397,1.537860360883303,1.2762948360087512,2.611706558451532,4.776018630634837
20170413,4.828984446338924,-0.03142874542123586,2.2284632674826943,-0.5991927730219282,-1.179699139270518,0.23038841437199586
20170421,-2.3825934584809194,0.541572240703414,1.0636202802158712,2.125660730710921,-1.0790888723975267,-3.571563653236809
20170428,-0.20413931234963822,0.7214600160424078,2.9056963393968127,-0.16727376551254336,1.044819818335685,0.0703463464438725
20170505,-1.0008507314908988,0.22916960713081913,-4.436528228032211,0.9239476392995716,-0.10252523276313985,-3.992045173739045
20170512,1.1176672452587688,1.4660657268928734,2.825412282353801,0.7345216176359193,-0.713032841692185,-4.688233031121348
20170519,-1.2820841331237176,1.1407674505333087,6.228435629016671,2.092692982649913,2.4617791487454355,2.130667003881359
20170526,1.293824128679888,-0.9249273396759738,-2.398992454027915,-1.5096125041307085,-1.1447208009289778,-0.15027244447677335
20170602,0.20155708329796518,1.4343414446545522,-0.9508986734743319,0.36344550841536094,0.7070983754746019,2.232213853522036
20170609,-1.2556420867247842,-2.547730392035752,-1.6453836925766963,-0.82041677919239,-1.6663476056359094,-0.09426144531733405
20170616,0.19093918207959693,0.1453125246795528,1.9206998058046265,1.0807891197618158,0.6833579065462114,-0.527608999612661
20170622,2.604136735729523,0.04105763463810863,-0.6288520029135936,2.281077968854972,1.3085447600897693,-1.6166980723626545
20170707,-2.0580260834715425,-1.3820614660068564,-2.1828106855906415,-0.36718936837889515,0.42401303053516415,1.3116306349342466
20170714,0.6533959473751016,0.09764891628698535,0.9637782375990556,0.09298828094552736,0.1654825643467639,0.6537155222329449
20170721,-2.097300593749063,0.07257198207892834,1.4848998148163428,-1.6562843948814687,-0.8439657195005501,-0.2366316659349943
20170728,-0.8535108957088311,-0.9204853903523769,-2.56395464613719,1.2186482094749929,0.7472591311311394,0.6977170662432419
20170804,1.9402287608930147,-0.07825480917725836,-0.44537330803192665,-1.8852079402311372,0.6970918798652859,-1.6667079375738525
20170811,-0.5161731692123084,-0.2974409233140407,-1.6677672672981592,-0.3305355892171735,0.10558228609569564,1.9343038315219774
20170818,2.4894911944441933,1.7144428110051235,0.7116159237448239,2.8086432248666693,1.2162448698635586,1.9029847593944549
20170825,1.3019315651978447,-0.5620749300661809,0.5756914641042332,0.2667977002716482,0.6533637585042884,0.815611837703023
20170831,1.0344781235021694,-1.1307128848195958,-1.8805179139100403,-1.1077767963701302,-0.8039502683491295,0.6262789101396216
20170908,-0.36656860997437146,-0.7911128947644452,0.4752729266413347,0.17510289741595741,-0.2940236610066038,2.2523960711998026
20170915,-1.4563115636778035,0.31130986862859533,0.8676065133636612,0.538601439321984,-0.5605139974200757,2.3984160866196813
20170922,0.06563938358830068,0.1783394581423181,1.8064493337850207,0.3116979247034246,0.8401994106355115,6.914747150928102
20170929,0.9835247927716617,0.29234532971083027,-2.2908115886343006,0.21014146931177535,-0.42541585898968615,-2.5372059206267283
20171006,-0.993284960336549,-0.4127328233592853,0.6961518902412367,0.09238118915715354,0.16494057028777487,1.1195401465195376
20171013,0.4710815091970799,1.1891913769583873,-0.18346042388809325,-0.3813768860157829,1.2919487739568192,1.500309802290123
20171020,-0.41412245722456387,0.37825872857029097,0.8126970386930887,-0.7249887469077732,1.2310832878864808,1.5303938018127683
20171027,0.4078979700396168,0.8754350142266221,0.13825368034536822,0.8843680264393194,-0.2400303905716994,3.4511683930414483
20171103,1.3284336612404024,-1.1898881291279473,-0.3029529977082168,0.7929321784583943,2.7039653446516265,1.0353278983038283
20171110,-0.15126064615763601,1.9504678169556255,0.3336984286450795,-0.1483781045333421,-1.391791951976007,3.894117783857487
20171117,0.44274550048550854,-0.36358720821552115,0.8673797604068723,0.6212637400945464,0.12944837912096663,-0.3604047304995639
20171124,0.047484831578703535,0.1363253537636,0.5138778936887078,0.5554844540290649,-0.10530660721987939,0.005671530713091677
20171130,0.019127876519942077,-0.14383654458125505,-1.8985075774519355,-2.2478803210919662,-1.3291241563949896,-1.073974876697159
20171208,1.2737458340579488,-2.3163864999195316,-3.6222117020715316,2.534746737808846,0.3354974101157149,-6.43863049954706
20171215,-0.4477437457061417,-0.8165204797736303,-0.11533862667540973,1.5376185465425518,1.101035848250742,2.1019826835530164
20171222,0.32273836546186097,1.3800092178844814,-0.8790478164417914,1.5876026389338715,0.8825741918156327,0.19423197740271458
20171228,-0.0013902367434592833,1.2696054903963194,0.7482677467232968,0.8951733168405474,2.55034593571124,0.7001151263062777
20180105,-0.6899769494380537,-1.5379070387002924,3.6826923921107646,-0.03922491437421405,0.1321552061412934,3.367042129726272
20180112,-2.2709073673902402,0.7889768327014268,0.695943901470919,-0.6173917332523149,1.5948960184801964,2.9627060160297924
20180119,-0.1133699182546688,2.0353748340578237,1.854934530653063,1.3475571761417227,2.2178815494417137,7.517274694467968
20180126,0.8796169085787398,0.8504010665286721,3.5607537177087867,1.4297592372072732,4.431842169715683,9.444456299596338
20180202,1.3502900104719107,0.34799537520810997,2.755427865531712,-0.6549245049283114,-0.6972316152250468,2.6375204166705135
20180209,-0.9101360441060802,-0.16691875343191054,0.5813021122177853,-1.437719827873818,-2.0431013292797395,-8.006702124947761
20180215,1.5676083889399006,2.846198184538906,2.700124820873273,0.2903262692281805,2.3646913617241694,5.085884036266353
20180223,-1.0966920646874878,2.227788538809139,5.7674127700857225,-0.05052025969084495,0.6248520122334122,4.761100773581051
20180302,-1.6555329416487186,0.5878176496334264,-1.45388850787469,-0.8923716901252932,-0.4957202907657776,4.6340680466525175
20180309,1.6422433714811557,-1.0217695564908258,-0.11715598082966405,-2.250015102629377,-3.1648163045585043,-0.5925151248048266
20180316,-1.9315110460451534,2.5463546697375605,-1.5492818248823204,-1.9721662141429563,-2.3330810366421373,-4.653834435439208
20180323,2.5440557158098676,-1.6755214982976607,-0.3553834287158386,-1.3265029804300221,-1.5694056391387545,-0.22428864939736393
20180329,-1.6748081500557843,1.255756621819648,1.3492940840262868,-0.45043834528610827,-0.08910334260819885,-0.12506148960503838
20180406,0.6734116354905728,3.8931631972209058,1.7909120489685515,0.014391441438199593,0.13719165902634778,0.0678350232375946
20180413,-0.6735672729357933,0.021824000615677797,-0.3275383955835931,0.8195020504151884,3.122040491191047,3.912538175107194
20180420,-1.4171995260965464,1.3509045078232251,1.498550351657979,0.9482791846067373,1.6216324090787548,4.635080974625638
20180427,-1.676200377893755,-3.2665301190177964,-2.659388481707692,-5.717289012993687,-9.944041287781847,-3.2647902739600054
20180504,-2.0210456604610183,-1.7092724495209044,0.4569742053397663,-0.9396644536011967,-4.054939984394867,1.0777163060494699
20180511,1.9065442158889168,0.5052700257095033,1.018111903095953,3.2611936764326943,4.564520098205782,0.6902544584181713
20180518,-1.5490516491920014,-1.5000283495455125,1.8648686199238984,-3.9157554443901565,-2.586685654121257,4.4747937093194246
20180525,1.4403533981117267,0.7689589343934378,3.2184385347991507,3.5621868373501897,3.428331915539018,3.1983685019088437
20180531,0.08369183410641412,2.0322151538107347,-1.0878094398833138,-0.044614416730748285,-0.49186595644058473,5.1478007223768385
20180608,-0.005385630604570757,2.3495285782819453,3.9614897971947283,-0.2017699853879118,0.6446839984626918,6.669616065626638
20180622,0.8461482528937303,-0.00922326026342457,1.960787773097561,-2.762649450443544,-4.305783158672205,1.767373062171318
20180629,2.9588852910363395,-4.0297539642850655,-8.235267618366072,1.8934872694477134,-2.510442614283104,-6.09268012536166
20180706,-2.482479320907627,-2.041430711471659,-3.075061791887712,-0.24946452910286077,-3.9187240312337,-9.481288774556141
20180713,-0.33461709236408677,2.1291859048390815,2.8910263646891865,4.228542309502759,4.184757010174223,8.832602752415752
20180720,-1.4724804023058868,-1.2957484040930556,-0.9279155004431328,-0.9765266798550054,-1.171300989228985,-0.3138415008948403
20180727,2.9580750080928864,2.381917989575655,1.3864535287761548,1.7791537303944782,3.425441946472829,-0.21836540280417704
20180803,0.2356087106685223,0.06367093653663058,0.38677986078916593,-0.15397885264556432,1.9217280314044016,-1.377705583288269
20180810,4.206455567666989,1.7330532846003388,0.13919544075109425,0.8501948242555679,1.5605219589446495,2.7920388679226305
20180816,-2.405327126850809,-1.5958306277136125,-2.990958992779036,-4.18066831417555,-6.238823223333323,-7.560090721436785
20180824,1.2576438699772652,1.391876388464297,-0.009697312272893832,3.348240164605376,2.7192029619521163,5.601393782550201
20180831,0.6593400384429238,0.976758580420034,0.5538621989583659,0.5797250352765682,0.5763815105503056,1.0820597020124278
20180907,-0.13683330947990013,-1.5910625683734803,-2.181652056896488,-1.4706352406132717,-5.194079346284896,-5.976385336131429
20180914,0.7378062681710373,0.8308404865259078,0.8717939746313075,0.8785415860945722,2.266456357394153,2.2843608287722805
20180921,0.07466566408529385,-0.24266106925433517,0.5363917964604559,0.27607200867516557,0.9443490016460165,1.2793097869869596
20180928,0.030076407266044214,0.35686361114468657,-0.8186682667497558,0.8825734007872343,-0.5351196234254618,0.045031015265784013
20181005,-1.7094135298250102,-2.3362485254753262,-0.9336798261960322,-4.327280859718341,-3.85557652663715,-5.684999557059389
20181012,-1.561290734763976,-0.23784814866334436,-1.4230762446610146,0.602505253102037,-0.08106371907219412,-2.5328333618017784
20181019,-0.7173548149355113,0.7268138681914005,-0.018081216024012914,1.6987170774287241,0.36508114983371254,-0.3754120576788811
20181026,-0.3039227628247487,-1.5391202794465264,-0.0276992943257115,-0.216558955884405,-1.4330083802635785,-6.339856659301047
20181102,0.6269343418821016,0.9632924461550951,-0.20118728083774462,2.2752045545455513,3.873901005131719,-1.6072879757049297
20181109,0.14540961768865213,-0.26612166292065975,0.36052191142088574,-1.2384282133499513,-0.054424485631010544,1.427194657100328
20181116,0.19428623695614267,1.254096416464212,0.22143786975843405,2.773442718777197,1.8997177202489945,1.3034356104128397
20181123,-0.7751766573143026,-1.4303942008496495,-0.690411212197084,0.13802127104698414,-1.4427457199674087,2.869589323279076
20181130,1.1262338433194685,0.6378658867834952,-0.4510361007210695,1.193617711738204,1.4620194429833644,-4.9256348062244
20181207,-1.6148227283099503,-0.3336432008743784,1.089785941848076,1.195966754323341,1.2932418847299454,2.844109251529936
20181214,2.0440174348977047,0.7141850480321121,-0.047459154868767506,0.7944482646875528,0.7246726980604468,-0.038785466654245315
20181221,0.281641699724422,0.19697743033506576,1.1877960323702919,0.36732938939061377,-1.1992974582243576,-0.5289401507382219
20181228,-1.16322713322895,4.217816405188213,2.3016169423462074,-0.14989100833001645,1.1921079006395496,0.7468159285483056
20190104,-2.096894591404652,-1.2581802343416881,-0.5111279024493265,1.4183646810525197,1.887539097381663,0.8891980619900375
20190111,0.6816611815688933,-0.13847672842089986,2.3299384656507716,0.5226068690706853,2.4950569334946326,6.78618659379322
20190118,-1.541329386620427,2.027040149584769,3.156692047416265,0.9694477497236509,2.1294142831556284,2.647792555631834
20190125,-0.9509676925599675,2.275081132427337,2.2133519802841173,-0.007651708884515163,0.18843921651214846,3.4616719007703134
20190201,0.09920126220579473,-1.4237119788183983,1.5987493780476258,0.9448813391462973,0.9370721048143515,2.1956424982458866
20190208,0.5390329241351743,1.368138227803506,1.6931109416580936,-0.9015337661188227,-0.4644208816186768,-0.10608331530393977
20190215,0.6543177055044369,-0.47603721384770203,-2.102394357471604,-1.9576536691239266,-3.342030341170965,-3.400787013940787
20190222,2.588754839422247,2.195466957961867,2.2968917732768546,1.4912927972870582,2.0413892004850887,5.576926068052135
20190301,-0.5493351756877041,-1.1018051199330414,0.16251895224348445,0.4678393181018814,-0.7776986084275572,-2.1077968342898545
20190308,-0.5240126235033671,-0.576014266223257,-0.9182144958591376,-1.6285039239874788,-1.0670584734579047,-3.378258276433199
20190315,3.7473613771471737,0.4192002740766032,-0.3611439704792163,1.5479236071592073,1.6307810650433296,-1.6201119462515345
20190322,-0.8491943925605594,1.0147172379946667,1.073478925869753,0.5316911269445113,2.381751846110136,0.01786971474952992
20190329,-1.0999169878712634,-2.7742697927310545,-1.6232018527722714,-0.2775065511468444,-1.2230710862807803,-4.776360804441449
20190405,-1.64051045092094,-0.4027978606832239,0.07329708647969557,0.28104175028589307,1.0167193596123392,-2.3383900319330575
20190412,-0.7896411707535966,-0.9413443316524162,-1.7060463540754411,-1.2713715143677584,-0.5691151157280139,-2.227988426592775
20190418,-0.75308766483001,0.5817987625798438,0.6540558119985773,1.4068715170090673,2.795563955349012,0.9838002107735555
20190426,-1.253856495900052,-1.5221301223641626,0.37446698831202774,-1.8808667522796085,-1.275144748501189,-1.4514965642676625
20190503,-0.6755273685303154,-0.05083237379645,-1.5751148882078403,-0.12813340997253064,-1.9100108150195694,-3.523508724411628
20190510,-1.0151272394229194,-0.21423554843704729,-1.1344331369969707,-0.8463415389587059,-2.326287265675142,-4.301470021462794
20190517,-0.7906034963817699,-3.233442423699351,-3.4590686085077094,-5.830367990609087,-6.846414666838163,-8.484527415601463
20190524,-0.49964350196742835,1.321225006660498,3.0322264924123488,4.352345472079788,5.026389840578305,6.1552987299861694
20190531,1.5411139693471965,1.3452326479519439,2.120113269387458,3.2347433880934418,2.277231690149284,7.334242485702047
20190614,0.07193046828177785,2.0211855809103563,0.9265645205370987,0.7957166421529216,1.5818535623490781,-0.33784782025484406
20190621,-1.3224662890995997,-0.3069702190572343,-0.0024255491781977057,0.4446563501574019,1.450173736154614,8.822735076449618
20190628,2.012856767330029,0.8781296602534461,0.3778179625681499,0.6106047688733351,1.3771855477736406,0.409288705519284
20190705,-0.04654506582945084,2.3855248766355697,2.8996465156824636,0.980043737194336,-1.0856370445485486,0.7293361495085859
20190712,-0.4359447870082578,-1.4362563391115968,1.3600643468454354,-1.3657377862874465,1.4266729075836704,0.1129361806192053
20190719,-0.6459020268271165,-0.7048121282521413,-0.10220567491512345,2.9613007444547534,-0.7200152129728798,0.4941125823764825
20190726,-0.06370515316136416,-0.19772618478631765,-1.1403064751301595,-1.8173489920284336,-1.8886353964375657,-1.5523244102952138
20190802,-1.4314629274448487,0.2082236284070893,-0.2844941046840521,1.0200689350370329,-0.2745908765827587,1.0566314520735087
20190809,-0.8832523811943216,-0.4913178156722986,-0.7075741898107779,-0.38283259080864607,-1.496326394560521,-2.617684825549893
20190816,0.8945122296522889,0.1600170453463834,-1.7260624802762137,0.9439377936493631,-1.28056985813092,-0.4776421720709023
20190823,0.11765529773561934,-0.5418562940876503,-0.06760783196638753,0.35579932071569953,-1.4935821283871276,-0.5185032546047186
20190830,-0.6193662467721905,0.6151375898267419,2.32751558552613,1.5168820021665974,1.3154064772891383,-0.2968671330245032
20190906,-0.2564123037863908,-1.8586366128571785,-1.5559683836737892,-1.1597857252668486,0.00553705124346493,3.5367436867715707
20190913,0.4251287419790639,1.5513414378351742,1.3590263416879411,-0.19998556435386616,0.8905977873261861,0.9408676479888411
20190920,-0.2843568878677982,-1.275716109913616,-1.1226588141711291,-2.075931733758829,-1.325493745933315,-1.270403722600577
20190927,0.6428078709060037,-1.1297236387669662,-2.9801921039175783,0.06668817731068089,-1.0980980633799597,-3.2593778442049692
20191004,-1.4130150502331462,0.2898785710760743,-0.8511338291932402,-1.2932940967377737,-3.962843111382841,-2.8882177384359053
20191011,1.4861182528240091,1.8976204788358597,0.46523280569905623,0.389892035897188,1.2897983143367098,0.043932670602542245
20191018,0.10111736539841765,0.9293263588888268,1.310856038801056,0.6099986224461951,2.8936748840777238,2.4943621374330593
20191025,-1.6777398927545595,0.8990165271529404,-0.11745849277163822,0.546169004421837,1.4586288139327053,0.3311784061472478
20191101,0.6540368571318789,-0.9026557357708853,-1.0248421426861776,-0.17340474474272227,-1.2882491208148328,-0.9188199469542302
20191108,-2.6922713297754086,0.03341932946760995,-0.9145239366623259,-0.19827185466017028,-0.7243899755582817,1.7164339398946016
20191115,-7.242136802414123,-2.3872602730691694,-1.1912571839258201,-0.22796328799281618,-0.41736777533556424,-2.739236497060882
20191122,-4.025097237155483,-3.4962826474308484,-0.8211405215972967,-0.4457817970175637,0.2173215280809382,-3.1916996410851217
20191129,-1.2929464564716775,-0.540867275476864,-3.4083134361205136,-0.32642351080868215,-3.2283647412693184,-2.707847019218712
20191206,-2.6366204533062265,0.8143407005854142,1.827986512453461,2.8726343190715875,3.429684017908974,4.307745064144886
20191213,-0.6537375856430327,-1.3876025911944367,-1.7972678818291898,-0.919214538283375,1.4274906080370853,2.5079724241776624
20191220,-0.6772145208460034,1.818996109498694,-1.4069591577879792,1.7750302402225193,1.3523281407527232,-0.003006997509358289
20191227,0.813255050393713,1.615180339449429,0.14763558965420476,0.7586002703450445,0.6111568879915819,1.1079392514774522
20200103,0.4044992441478046,0.9495610872274352,-1.2418710529379262,-0.11107226635880263,0.09652343106709704,0.04230393849584679
20200110,-2.9193462892515454,-1.0349787327383564,-0.5056658758348598,-0.7385977057031035,-0.7213603839241745,0.755364475781839
20200117,-0.8361538237171118,-0.14255001176944893,-0.07224475275214859,0.09705928553931376,1.0602996377357066,-2.5699165504855626
20200124,-1.5029186484231682,-1.58425604919199,-2.8748907405586444,-0.2978327243218337,-0.9500679913323484,-4.0078698698229775
20200131,-1.1549868790002193,-0.5166866726439068,-4.307010652589249,-4.228161750175263,-5.931823543863857,-3.570376531901198
20200207,-1.1461161034930223,-0.6100583298851325,-0.9093177155468202,0.9591492963546999,1.31335838577733,1.0180372762963463
20200214,-0.6438255086364086,-1.043347609501999,-1.8276589888398864,-2.1169272717303067,-2.6382409130188966,-1.8551949912454124
20200221,-1.5680096995355775,1.6535123885778713,0.5592028857346554,-0.15416159425685194,0.4318140326889264,1.5443152909691449
20200228,-3.2042512164058734,-5.425599512948597,-6.661839394964353,-6.767192530168742,-6.214550560257958,-7.025469571146337
20200306,-0.19916727790678657,1.7963415267184812,2.5879491977070623,1.4923485028360162,-0.19363584140900114,1.6486379784835803
20200313,-3.456296477398968,-2.4353714105052604,-7.819171511412248,-9.025831347948643,-13.276570402985243,-15.153380964958574
20200320,-4.775479812235894,-6.680660636429769,-6.8621532299394605,-11.941872501410566,-20.929207018888675,-11.072577635596815
20200327,0.47907853697146674,2.993153317333408,4.7934294985673365,8.71819707574264,9.924256902008999,7.090915175857404
20200403,2.6574942676186986,-1.4519837245785872,4.240569809134498,2.950591463997232,-1.556654221419218,3.6660453917146674
20200409,-0.0036358549886927882,-1.9372250470857555,-2.0508805594361634,0.5878528532015315,0.5332906588381814,-0.07716741013956696
20200417,1.9288051590751198,1.1536906724988638,1.8350652468936302,-0.5156009993320443,-1.2830187241387736,1.4354644510457426
20200424,-2.1185105004909,-1.8205230495792257,-0.45924073752250383,-1.4670424316436614,-4.69089907566368,-5.62412356189359
20200430,0.3991662121284545,-0.9807815762227334,0.578753037582258,5.806697332062849,5.083295906996588,3.2222462765545634
20200508,-2.462316105984097,-0.6456096232453468,0.6849628690036136,-2.839964918840443,-2.3654061447452412,-0.2418623501207584
20200515,-3.0913866826559055,0.6587293754869661,0.5600156770787956,-0.3136940322720494,-5.795934819994475,-3.185803604208237
20200520,1.7813319382738113,2.2406518830294653,0.10180919016531398,-0.7747438375600768,4.243968610662474,-0.17844570588018138
20200529,2.481321997757835,-0.38738139682348294,0.7027619766093673,3.2195466314839827,9.339071315909319,3.607639363765336
20200605,0.23231258007259115,4.062547450504406,2.99212445701158,3.179900953386605,7.370682301575604,5.0767928906674475
20200612,-0.8677624693166242,4.928794580549267,-0.8475887014386729,-1.6588494706077594,-1.8768705594925161,-0.941502075174494
20200619,1.9761789217972003,-0.057742771033042484,2.019481087681907,0.86894810384881,2.183362251412402,1.9175996699114073
20200626,0.912615462673716,-1.6981222512593708,2.292638603405006,-0.8554718645273574,-0.01633425278410039,-2.3688457040060062
20200703,0.16937100704794705,6.47005871602806,1.8217663358758962,2.300194195133054,0.8107375448646703,1.4947629176123467
20200710,-0.11670023075965874,-0.8826909796324611,0.13707949116692486,0.9952542638055561,1.341088263286383,3.9721347899662307
20200717,0.5017580097035568,2.5905384420945143,2.2189066403895064,0.28170440954840004,2.84832125172112,1.6472327600348002
20200724,3.5242709175761444,0.8852264487509309,3.194110338773437,-0.40210364081144645,1.101847520725352,-1.2902309242567411
20200730,0.7178659385426833,-0.25611195760016914,-0.1772904030310829,1.3067557501014626,1.6097147572084136,-0.3058056094684236
20200807,0.021211212784533195,-0.7217714227445882,1.2806621540587981,-0.8607509739928187,1.8638084518696196,1.0809584427681207
20200814,-0.28597128079648204,1.2188558574827146,0.2062534754262879,2.138658968646401,1.9932638835735483,4.302661785625661
20200821,-0.9157880321107204,-0.5560868339603675,0.3024585590069462,0.32139172658842696,0.8729400171137547,1.3916959839963772
20200828,-1.5869520992427555,2.167588801027809,3.204311800161208,0.875050795428578,1.485136511785079,4.361015522103662
20200904,-0.7216820231840226,-1.9387706944461236,-1.0599464529303493,-1.6108839236289252,-2.7369955475705865,-4.0454150121018495
20200911,-5.428401333666388,-3.7944900723866914,-2.9204743817317302,-3.3008150808093717,-6.438679227434829,-5.39303894497658
20200918,5.449533177467747,0.7044051151761765,1.1180511430321394,0.30114034044395055,1.1198212937163055,2.8480984913590968
20200925,-1.371595319630925,-1.2676701474949814,-2.309893940432328,-1.7460567580657949,-3.1790324231139144,-2.530950496992579
20201002,-0.5674079023245904,0.7598971189713088,0.07378242307907179,0.1402779400571319,-1.2167070921283551,-1.0291275430109104
20201009,2.8326540655443377,1.7240113933601364,3.567873889680495,1.525147656688075,3.9243928771969694,2.664278331579073
20201016,1.5534513729508648,1.0747930347869472,2.584783198338858,-0.12418129436946312,2.0897633200313015,2.38830510948409
20201023,-2.4639809690597536,-0.32089012092442193,-1.5790407852013244,-0.026107634642658084,1.0097213364173019,1.959420429706693
20201030,0.07224347499810158,-0.14919563253724677,0.882614483142552,0.1995715836565104,0.4809751734669909,0.09194618660000042
20201106,0.4049343358166757,0.5571785328198464,1.780915935790972,4.431106669047513,3.6981044228729054,4.250424273320186
20201113,-0.2818091973392223,0.4602588813331643,-0.454008565143893,2.0313195667089445,2.9103685781094013,1.9572650447244433
20201120,0.6077075631451212,2.036218723191574,3.6360627397547196,1.8121424460272983,2.218212703770228,4.236808880782639
20201127,5.849926136174055,3.5677777891603313,4.750621684736545,2.547232188644477,5.062323773228794,8.849798863945857
20201204,1.8471390310721203,2.2050520934868034,1.719896624182149,-0.12146625426003865,1.6846855264944338,2.5507797623743445
20201211,7.8568854249478015,3.172666050303219,2.412688513273431,1.3483824615358797,2.7091551716988738,5.270434895325482
20201218,3.0823848002418552,3.727023930819051,2.82332431985417,1.261455195205552,5.383668615657822,6.232053298186058
20201223,2.772901986221421,-0.3996223003450705,1.4136330904263694,-1.321762087240641,-2.682665764597092,-0.03469704184327904
20201230,0.6500628074383785,-1.0289523738090445,-0.3836525627217813,-0.17517418897193826,-0.41332866752114006,-2.0932344195782493
20210108,4.545554455844902,5.8817109758597,4.12817675414674,3.679156337079248,5.854129599522051,8.720099484559608
20210115,2.976180131649353,0.8718258767187237,2.027750490223723,1.0794336207357258,2.89490859942223,6.3505509275763705
20210122,-2.2340913217241853,-1.1138584781487326,-0.9870013190222959,0.15884138045691998,-2.0766091414930576,-4.402991932944
20210129,-6.771104469268952,-6.627136327253047,-10.973440100693887,-5.432399309916958,-9.617676381760909,-10.048625076886486
20210205,3.334411972672857,3.835025583815499,6.795827483948691,4.577513607135786,3.983454271576181,6.631365337666217
20210211,3.7196167409213166,2.6041021566805433,2.746716421530526,0.34517692065942907,0.7864251031739489,2.791613572123741
20210219,1.6970505602667219,1.0427720402126583,4.423392354031108,0.3994741754018927,-0.7092693669618622,-0.10212742787226725
20210226,-0.5948092284985496,4.318643681267864,7.946036277439905,0.2791777547641594,-1.8509303517465048,0.3497953293688738
20210305,-3.6520366961769524,0.8266721359383222,20.329459178543964,-0.32574855125140356,-0.3310145461443037,-4.6583949217106735
20210312,-0.9453383258753334,3.1051803087525753,-1.55615281720074,1.223211207273689,1.5397822427063224,1.8845897057270022
20210319,0.07328220625428816,1.73993603990934,-3.5403473436634747,0.327561742212934,0.8944975665020838,-0.44430289413722734
20210326,-1.4535790130012827,-2.381028449687228,-5.7430126348638755,-2.1977148514728317,-1.8559801323310365,-3.3871315423614545
20210401,-1.0206442673879046,-0.29166077354858544,-5.4780251370725725,-2.5023076340235484,-2.928336074452431,-5.486887633676185
20210409,4.197228927682661,7.9184174362849635,7.166117462586263,0.3940367125765398,1.850182939525502,1.0972249962035718
20210416,0.23669214819508344,4.930476151124763,-4.25353641017665,0.714510653297884,-1.6039298354361908,-1.6858481903701872
20210423,-0.1820446447357793,1.8555991175307263,-0.997188168968488,-1.4725329768174866,-0.02345557775503826,-0.893973112690627
20210430,-0.8677055150327906,2.3666819674816875,3.1104544158480296,-0.6545253434847131,0.5706813652552878,-0.7556792823206315
20210507,3.4478549196676145,-1.4248086421788653,2.8381786338135706,-1.5101583073559022,-0.8999638705145308,-0.2228862399578868
20210511,-1.2083669365733019,0.5435770110166604,1.529953919448701,0.00013258983742048258,0.4298729178505267,0.730276150409237
20210521,6.584291468430892,1.774520487876896,-1.8697890600415823,-2.004346084808062,-3.6741709213328755,-9.593232761526771
20210528,4.781726877586512,-0.2715694803163582,2.332872432260147,1.574272153343692,0.9190635894967825,-0.09122750275133429
20210604,10.210397498436063,2.7336064410748317,7.358367606174565,3.1895503983157436,3.4915605957778206,5.255639484011065
20210611,-4.812944765887628,8.706051321570406,3.383859754703389,0.007897637348652786,0.4356174110645705,0.10284343802653417
20210618,0.2573071028565854,-1.1225600561783011,-6.7285409135871,-1.4559111194446195,-2.9271238263330335,-4.583771744544807
20210625,5.273863806984069,1.271627402235631,1.3666009076778618,0.5231770409644732,-0.7478722653151748,1.4202043954222976
20210702,-0.30135774828163875,-1.0586085360560271,-0.6073117106731862,-0.8143030033559095,1.364520087212795,1.8501421968506238
20210709,1.6306774524292633,-1.245978647787871,0.573100810110283,0.2980790795023669,-0.6518448136981214,2.6333472639341604
20210716,1.1412081101379146,1.173953717278997,0.14926815517330994,0.9831401300847364,0.2494994588713606,-2.4187179826605787
20210723,1.6198094555952336,1.237396384985745,1.3848446029143258,-0.6398313179323267,2.233693609043619,0.8257538989114854
20210730,0.7638571575703024,4.550712100866483,3.175845592647497,0.010623717465318983,-2.736814340518312,1.1970243656772128
20210806,1.964087429011041,2.807946559313934,5.155204221083687,1.312167768586714,2.6025236516961314,6.758071868493221
20210813,0.5430543526057541,2.8254185987828917,4.65704588623892,-0.5094470107786853,0.11947669501717328,-3.5440609811212442
20210820,1.0775534476889836,0.1620645051956915,-2.8764874081872227,-0.4719628783889762,-2.7345562535824763,-3.366313536470511
20210827,-1.473731948924617,0.14906269546264284,2.226587607947139,-1.0244779257773895,0.2212746488037043,1.2408293941719384
20210903,-1.196742036492826,2.677102456888636,-0.33913296319175723,0.5347004396870636,3.9190576522896814,0.2911433739489544
20210910,0.4524102707257338,0.7230647142218993,-0.28467453576616064,0.020686445413797827,0.5773955828093591,-0.3550804799575924
20210917,1.3364977299703096,0.9113976874074448,2.7432569895887715,0.6452377305397938,-0.393015296503052,0.9406223752206122
20210924,1.1879089346877647,-0.1204379427397706,-0.7020546426100172,0.42581784547952584,-0.6231450922586812,-1.965114964963277
20211001,3.9130032135228365,1.724559968666406,-0.6761989367642274,0.49277695210871997,3.976444484493036,1.4053216395714552
20211008,1.1126746959009726,-1.9540993794200934,1.9886706149126354,4.172107892713917,5.460960222533018,3.8125065658813906
20211015,0.35986861690691097,-0.20284480412319228,0.9588895868414937,2.5573697106373805,2.9053465813085877,1.657388083000222
20211022,1.1598664028404038,3.0706121094783434,1.379264413555048,0.24503168702856293,-0.9334665871435166,1.7166070159682967
20211029,1.2392195298535302,0.9678638046625387,0.5101372664336079,-0.7020279676826724,-1.5900126312886176,-1.7165076271595359
20211105,-0.49633879836396,1.6085644200575455,3.549434447527644,-0.44934426388816284,-0.4976433770205402,0.29648256506860093
20211112,1.0109656629239128,0.6879503306964185,5.216115032287449,0.2962492968010544,1.1780407396925874,6.897507624255383
20211119,0.75195284318339,0.8953016801673819,1.2571042928391174,1.0166636427434872,1.2597747190188135,1.5610087691103836
20211126,-1.3112486112946131,-1.9141650453040282,-1.9372942643610447,-1.7240505192351763,-2.717432975570333,-2.554078717573527
20211203,-3.421152055299126,-0.1553193056120672,0.07620989317522753,-0.14701275440850425,-0.6016310784514367,1.748478543131382
20211210,-2.605414685346108,0.4700676510434709,3.249375845489433,1.4856609570375712,1.8636677851461059,3.967419465895472
20211217,0.06315088432218285,-1.2644002435054813,4.830642052964551,-0.5966305290131757,-1.1648391414499804,-0.3739942004154506
20211224,1.7986664559674237,-0.39929793904890376,-2.063795492459708,-0.1943678808273397,-1.1501363613298676,-1.6570651011657778
20211230,-0.5228533787753009,1.0489862688387142,-1.1285243210223506,-0.08509629053918832,1.0186581798167227,-0.39880306981300295
20220107,-2.058390118664699,1.5441292909607052,-1.8384591085477076,2.4516254372281,0.16778673157973323,-0.4722611865639492
20220114,-1.3504655227720597,-2.1900017898151103,-3.3769445644703633,0.14669267481726145,-0.3235736943302814,-2.7675779985857685
20220121,1.1885716399308688,-1.592538407337385,0.45101570134797875,1.0583602782115342,-0.17807273931691459,-0.3714242556632219
20220128,-1.320720125310626,-0.25189102046497824,1.5128711637835357,-2.107570858934915,-0.21532774885574257,-1.1147887862331785
20220204,-1.348792426572376,1.7772190142062216,4.672121631654047,1.2894355066047858,0.9343605870997695,2.1591391193060527
20220211,0.2234699781952898,1.2597721250011018,2.9090281453871825,0.9488711577990472,1.4438644719073856,1.9527962923297837
20220218,-0.8266464546082819,1.415351811559673,-1.640962401786794,1.037376027563619,2.7044008776600403,2.649269192112258
20220225,-1.579720833061793,-1.9085633259837143,-2.9618574720525426,0.5645193475369625,0.250352909369167,-1.6474722004927056
20220304,0.3748285545821517,-0.6429063305350868,1.5835168414096712,0.03664462870085483,1.0638024614975983,3.363652080195645
20220311,1.3510089838581818,-0.30377566638244424,0.6776535856054977,0.04342417796361353,1.5266687172686755,-3.9057354274822487
20220318,-0.8070797596287926,0.2103514914179927,0.8695911014928948,0.5142897735057161,-0.3785594583920249,1.5384720675890362
20220325,-0.05778158532001587,-0.039902581790685065,0.6464307640133837,0.37610712873257235,2.253804626662359,1.585009158942019
20220401,0.9318352275261788,1.0877772449059186,1.2854596590876621,1.3150513066958025,0.5824797493257483,-0.27899987983650565
20220408,0.5280924094336337,-0.10882062502386436,1.002024202615015,0.5910631630256846,2.0254148902097313,5.746290103892648
20220414,-1.9298398168823838,-0.156298946618727,0.78375243089297,-1.939044667131684,0.2604636174080577,0.4066754646457671
20220422,-0.26360726875137575,-0.4023970110324848,-0.4394018522464238,1.4240481732537447,0.9440278048628903,-2.543253666177936
20220428,0.8011910660723709,0.07376406082526543,0.8208414940512165,1.9409684409233297,3.2334985550982687,0.42779917960518166
20220513,3.3859478469090654,-1.3408604386468403,2.6711094040117844,-7.128876260865735,-5.391633513934591,-5.409750780111466
20220520,0.4099796127209787,2.189622810220082,2.706528624367488,1.5661105623047566,2.4002569657538553,5.862592803026234
20220527,-1.861028373648721,2.1403398549640906,7.748288922150959,1.7026062075818693,0.9604105758578285,-0.9422248313670778
20220603,0.8063020029509538,2.5355635457097847,2.876788993969037,1.1184425382714691,2.1628431388877933,4.756662825930702
20220610,-1.8710282828900637,-1.5834956588298144,-1.4655728645249444,-1.5409636688074047,-1.8974687627398068,3.4897204448075536
20220617,-1.2476403397604252,-0.09155005503500568,-3.8863158318966695,-0.7623166647711677,-3.780957215380265,0.02362764666632433
20220624,0.8515215854388192,0.04734493751794577,-1.5216155046814839,1.2979706294318882,0.4161929315713131,-3.2253450707884324
20220701,-1.1197702524627817,-3.413912490936588,-3.8775164817818952,-2.0109691063390334,-4.492583559595664,-3.1384571605700073
20220708,0.49705126042176584,-0.9977432946455145,0.8246447295776838,-0.5052471504613743,-0.40166771445472316,1.5763636541145098
20220715,-0.3164988020511461,-0.5921707657597031,1.2429680202409088,0.43841911958404367,-1.4138019866062668,-2.594687437019305
20220722,4.890066785539249,1.783151585445375,2.8377673052058183,2.993845836466602,4.806692890000597,5.0819139648968115
20220729,0.024077320816040526,1.0978671096226078,1.6965429132864251,-0.6482343166867244,3.02554894439262,1.9476103624428864
20220805,-0.8203104591203436,-0.4387593886347241,1.6013526952222579,2.80031020910374,0.6520099889728348,0.30318308651411385
20220812,-1.0336267622535034,-0.19626704083589575,2.009005640670014,-0.36454287650653505,1.5220499938448206,1.1964104306450007
20220819,1.5790184928031303,0.002747818801074331,-0.5685779595216212,-0.67278475773348,-0.44861472063639773,-1.368107466234203
20220826,-0.14036584896511828,-0.14969753103351024,0.27291303753242957,-0.6314930496816862,0.001661249094841999,4.426340490722791
20220902,0.10144800006999244,0.5915497936135772,1.80383860557094,1.0586837648147274,1.701641179111002,0.8368032453312635
20220909,2.5922733346060767,1.699264646240195,5.06599452269525,0.5155745123530675,1.4506013659021377,1.7444801685401856
20220916,-0.15700606005869533,1.1457642872006124,1.2325910991594968,-0.22640763431099886,0.3754678041770543,1.9391191703423072
20220923,-2.0562111009966633,-0.4243007275848254,-0.7515793216755662,0.08077066433804792,-0.002420037151085186,-1.0237217434014845
20220930,-2.8243851468039427,-2.0237895207634415,-4.589875836066792,-0.6824803440848681,-2.160823246780308,-6.642649517401955
20221007,-0.816606430714506,2.3922117446448343,2.314676721920117,-0.8317533878683392,0.16952261830944781,4.494838266122514
20221014,-3.1878077711272823,-1.28395265975485,-3.579506365123608,-1.237452190355326,-2.1295394901561626,-2.338634804772388
20221021,0.48749698616936676,0.49270064244284484,1.5781450515628626,2.7709822565270548,3.311846979671751,3.7139408547832486
20221028,1.510911006854565,-0.3363472982743976,0.03878973161057786,0.6569686046504764,1.0655584511568783,0.15695440039980024
20221104,2.771933020419559,0.1759532180602319,0.18060488403874864,-0.7833081428855193,0.14107604488005077,-0.29723728406684247
20221111,-0.8153882224824827,0.6297720274911267,1.0276515771942663,0.6788597013781095,-0.10025878551622736,-1.3392362354696097
20221118,0.19295084855033284,-0.5657191064096678,-0.19597969334729237,0.7481210722637854,-1.2341911892685964,-0.6466576270812485
20221125,0.6173525326611307,0.7280036774135246,-0.24375812692101206,0.4852347606659757,1.6137114246943973,-0.11878384276932108
20221202,-2.3623619853749056,-0.7256012725954997,-1.6034327193669484,1.0298337850140449,1.4977496918728184,-0.18934484851136357
20221209,-4.002836590959069,-3.136879162502082,-3.5408524608255054,-1.9716916430427167,-3.7071141853899703,-4.3289211882391765
20221216,0.46928819692679813,-0.055638786787715055,0.021681617494184735,1.1537903880741274,2.0070207348116265,0.6951868766024827
20221223,-2.730964328175778,0.8451940666097002,-0.8743368613096991,3.1257832094155225,-1.476188865170347,-2.754032809637663
20221230,0.47954387010742394,-1.078437318112302,0.9327890864276212,1.6140353166364863,0.26311149383144716,-1.790345184652109
20230106,-2.430495673062383,-0.38481414291495764,-2.96477808505774,-1.6332053247874567,-3.800566715995124,-3.843628697053536
20230113,-2.029212388334123,-0.6418696434145055,-0.7259466049054253,-0.5748697636890898,-1.55715714404282,0.8910519731280209
20230120,-1.1355855500272738,-0.24148728829452848,2.420393649797492,2.48971020429658,4.537879984570847,3.403861336425673
20230127,-0.3897306999478989,-0.4664761359060021,2.129605807129109,0.2479554023064212,-0.21171540710630543,3.473002983757345
20230203,-2.019812553766853,0.7885342603783485,0.6358312254971077,0.015424986719958511,0.5100606527022045,-0.808589873260146
20230210,-1.6594413044918155,-0.5140956588066792,-1.397493660346294,-0.24317305919924204,1.2238534466555429,-2.2024532339586123
20230217,-1.1195854785977954,1.8177587730935807,-0.38824288715725297,-0.05238427474426599,-0.03768655344756899,-1.4762808012619866
20230224,-1.9152574617740892,0.6676013289519167,0.2053594443176543,0.15923638725197087,-0.9542218188334006,-0.49300703013653857
20230303,-2.011946779570528,-1.3854119133545728,-0.692926911936409,-1.9147253842267564,0.8985387970334768,0.23943266214419
20230310,-3.982898556217984,-1.443065664635157,-0.41602346100853005,-0.611738718885646,-0.34809531282354866,-3.039693686436473
20230317,-2.461452860549862,-3.3033623440892335,-3.0846894789417934,-0.4212884576225706,-1.2756487721763965,-3.7029920007979777
20230324,-1.4747873941620582,0.8969742025564775,0.31101860951441296,1.6321185053110199,1.9445212769493514,1.0658083347348857
20230331,0.9633198646641361,1.5283812085579829,2.9128026717391675,1.7843937825478662,1.1497349706649507,2.781574998980707
20230406,-1.3929795134266287,-0.8140590396852554,-0.5045237849102158,-0.14144755286434885,0.3594876142589243,-0.31152920448778154
20230414,-1.58311226251453,-1.2234848921783836,-0.18524131632938756,0.04030349676924505,1.687129858029457,0.5589305720255622
20230418,0.3925282722045509,-0.15108231152090035,-0.05434949739134831,0.29862915475713514,-0.3655135922316255,-0.08111902504575053
20230428,0.32046242921515145,1.9017746269543778,2.6814660636866883,1.1122536477885303,2.6680720667956903,0.41498027032358387
20230505,-0.8235627025573233,-1.3976725526923195,-0.20288800241791138,-1.1487495873171882,-1.1177950460907304,-2.8682273936529112
20230512,-1.1354347146587118,-0.8989539147479464,1.1223957733079049,-1.7324035812679939,-0.6570228462550176,3.177277159903702
20230519,-1.804170040934494,-0.5587962684227121,-0.5412883918893829,0.10019203157052292,0.7127890524532887,-3.411483719689945
20230526,-0.8427845469894724,1.1209378149234617,2.6350358990066214,-0.23439232058152237,1.2978135155154558,-0.5999525783811688
20230531,-0.30975684017725547,-0.8868874300576479,-1.3281105504772905,-2.613541786322404,-0.9701854626371964,-2.2464726829999337
20230609,1.3641826613452368,0.19837562644551276,2.092566958531261,0.49084980268989664,1.5034051364958056,4.841401527128553
20230616,-3.9379542175670523,0.041157926932777755,-0.9216791065671748,0.6729362663147276,1.603337580851072,1.300680967697132
20230623,-1.6758330577706815,0.697474660202424,0.8788514311634632,-0.2997881566255689,-1.597161505761835,0.6864935638629444
20230627,-0.22014174434348277,-0.36054465629662413,0.3501605251802431,0.7767870184503867,0.46309695407935614,0.21205094383229817
20230707,2.13574088539612,1.4436447754485382,5.5184552593140035,0.5067968236494691,1.800309655057264,4.569182513168157
20230714,1.0886815957998675,1.2578371729217164,5.390574353020705,2.8423083820515727,1.9972503897723648,1.1577348238245966
20230721,2.1242922708489154,1.0498416166620839,-0.16129825047028756,-0.0706161774043701,0.7076584057646551,0.8213187341886696
20230728,-1.5674714269793277,1.4928113247785868,-2.3882222123435826,-0.04980010042727745,1.1901049484911885,-1.3602406250313281
20230804,-2.685498658886609,-1.516186403368447,-0.44453043483941856,-1.6829433983813091,0.49162548880521406,-1.4228671482144128
20230811,2.3707685757588193,0.619145657303477,1.6523361708017825,1.2453366899309648,0.5489303558469549,0.9357479763155263
20230818,-1.4313743099169995,1.5901057051379786,-0.34996152393605984,-0.26631795929923374,-0.5303439466363247,-0.07279009302542105
20230825,0.35627763757362096,-0.6341269636267466,-0.790405490464452,0.8920960857386362,0.4966884919796355,-0.8660788739323078
20230901,-0.6836173915985233,-0.3295554955792812,0.4890517794203797,0.4028191641549439,0.9831135230507382,-0.836780574383067
20230908,-0.37518798010118815,0.3457017791612227,0.32059287032291106,-1.9984293837554512,-0.2568676197280517,0.07902708846856399
20230915,0.35343721391569716,-0.13362472380052948,-0.2859676229978403,1.2921628511296523,0.22562682373330478,1.4695308774459903
20230922,2.2620289114767766,-1.2483664287100238,1.1484022132157712,0.6720648710589083,-0.0668060199104592,2.6510455975029545
20230929,-0.733432408884438,-0.4374255250054082,0.10742922783497644,-1.805926222030807,-0.39848796880858073,-1.1473461843501953
20231006,-1.2054467005065184,0.49633493609033685,-1.5694107019033843,0.403789832099144,-1.925391644072938,-2.67044212430545
20231013,1.1799082320011145,0.62691253096685,0.41846241933676254,-0.31100452947770973,1.0066811966569222,0.4005040585664643
20231020,-2.9077532590181088,-0.7223286650387961,-2.380384303443983,-1.1303993965220416,-2.3331428641459095,-3.1219720807978746
20231027,-1.2367640841705496,-0.5470339164822757,-0.28304880873742944,-1.254691395602392,-1.483223506403808,-0.7636856666354719
20231103,-1.1125560164812587,-0.8940159453022622,-0.6395501827814898,0.6828721422200035,-0.9711373366017018,-4.117383594086387
20231110,-0.7515859740486852,-1.4962765829758862,-1.321435332219667,0.14335798835283242,-1.1635195099159223,-1.2926476265604503
20231117,2.1779968322118703,1.9916345261411061,0.12047287928094175,1.408613327720576,1.1695045267407833,1.5558962173613633
20231124,-0.6521554058841583,1.741521811766611,0.2092800507152992,1.0875708569541231,0.37244978662587247,-0.03587167146120729
20231201,2.7739157912486156,-1.382644501508512,-0.36188821529696824,-0.1422998961209565,0.3558285047358556,0.14093368001331097
20231208,-0.7169354327593913,-2.2741880606956255,-0.5651356707290112,3.6409345324819986,-1.5736185718022488,-2.2224336281619683
20231215,0.24750190812292683,-0.9827653438674422,-0.4924269764291833,2.139588587719765,0.7028843357175907,-0.8657922368155102
20231222,-0.640013751445967,-0.8028743630776436,0.22469066342698518,1.55406261541422,0.3708349742526318,0.5457607272033149
20231228,2.9800687933517533,1.4854451075403619,0.815820462564254,1.074548376164941,1.433275846794424,1.2836413055106188
20240105,-0.4239208660984706,-1.2867930388473225,1.4069347205175609,1.5328283107794327,2.1099680766789586,1.397409003622374
20240112,-2.575679423995769,-0.5503030933359132,-1.3310883147783614,-3.270649725274921,1.4453076656264496,-0.7389801601570323
20240119,2.299184482097827,-0.19767878554702856,0.3304576303708284,0.8842597984415113,0.5606297336675059,-1.4030764660428963
20240126,1.0221651778334007,-2.560672661388752,-2.1910608273661425,0.27018365383637555,-2.2153062930513,-2.337920956791495
20240202,-5.709795521349026,-0.3511565673375405,-1.204670657624951,1.3583749769462194,2.0846583917549566,-0.11120898657629441
20240207,0.6035163345766481,-1.4811820316687485,-0.8721271361068261,-0.48099206158890295,0.2808992282589795,0.12367382614328903
20240216,2.328398164324641,0.17942823866694546,0.6088858541530184,0.5806916486140512,1.5645981667343545,1.2290779032468002
20240223,0.22529895068781336,0.3186409726626538,-0.48316726322973347,-1.0876901200624345,0.10410197091446083,1.0981409997992353
20240301,1.067607702781026,-0.9752173480865323,-0.9381238648404566,0.045947328928286346,0.7557187029247681,1.0030299699574696
20240308,-1.8994207987030332,0.7440928421999171,0.06594861157471765,2.230837328510882,0.6451188478281855,-0.7225982233638462
20240315,-1.1364501457305942,0.9477615998205957,-0.1723009006338594,-0.998265412218502,1.2153792371382144,0.358896543181797
20240322,-1.809274784262327,1.774361259435464,1.8662643573484017,1.2720145545501715,0.7721111307293693,2.3374113584645695
20240328,-2.5999628803815678,-4.513159840428315,-3.196898266624937,-0.2767203430869336,0.1542011608621996,0.4995041680784462
20240405,-2.0971781525353506,-3.0635051642357025,-2.164459322735135,0.1151824347991326,-0.9718883068147721,0.21808041617552565
20240419,-1.2095365181855389,-3.9128674021347565,-2.9200965770909693,-3.4239808258558213,-2.9261959913944757,-3.119526217754509
20240426,-1.2036207131858268,-1.4382574051137853,-1.1725722797703897,-0.47361074109383283,-1.6315563696728153,-2.1744657200753914
20240503,-0.37929740072075724,0.4709704907799539,-0.5699444821403499,1.765404461546649,-1.1447298676601991,-0.2570940165112501
20240508,0.3225182175889518,0.3625697293898833,0.20008196846641457,-1.1217347266277433,0.7872059698416756,-0.15709991423911163
20240517,1.3862368187318674,-1.0502340946950572,0.5203988210421118,4.244479535877854,1.906073212593573,2.325540251810798
20240522,-0.3954547309016676,0.7592602088694056,0.08067691543396371,-1.5319276572311136,-1.2884444022497332,-0.7930233708599688
20240531,1.6466089303354803,-1.397883293805846,-0.6710090735099983,-2.3282104606429876,-1.6137490698553525,-1.9290545397147585
20240607,0.6261873880895275,-0.5397296363304105,-0.20695126918793827,-0.5251066217937361,1.9778572690707374,-0.7103997328089529
20240614,-3.027499489154739,-2.727392625409686,-3.2893496712966375,-2.0677328248098537,-4.215952864920247,-4.189302591604893
20240621,-5.993196908384791,0.6916292956952175,1.709467560441924,0.6020258197351414,3.925301248137969,0.9059286406124967
20240628,4.850138278646154,1.820279966948335,3.050835254570239,3.321074032263849,1.4670536609244555,1.3006283239490157
20240705,1.3646609984046876,2.2441915393384138,3.9482671548291215,2.8817938746883875,3.0625169075025216,3.733828545118878
20240712,0.9794450961689405,0.7935934121172883,3.7407973697697994,-0.05226652595711201,1.0112680621996217,1.4154487077873368
20240719,-0.33343155824704374,1.1128923464208018,0.7704199963585179,-1.7259578770243311,0.3434210465491194,1.5843217089362982
20240726,-2.089470644376723,1.1191103155452131,0.6887043568365891,0.02998999411583103,0.2142143162757515,-0.7101719295424469
20240802,-0.6765875767467788,1.992973955285482,0.6452675191096713,-0.3433960460083263,2.2185217111422073,1.6882233119922985
20240809,-1.6263948054658028,-0.15657593088305166,0.6307301459319792,-0.9859461380846368,-0.28806868902365723,-2.0485228460068283
20240816,2.794902794661591,2.4909151756894232,4.13206408185347,0.9450138878697834,4.997726293391325,3.9931982847855485
20240823,4.1723742274617726,3.0274983371438857,4.058130550578443,1.5157269504417759,0.9641373575324685,3.7728972901782454
20240830,0.14085811407333892,1.7114633901799792,1.8579176600450609,3.583487162743726,0.4026171890197494,2.699564816690936
20240906,1.1390460052179696,-0.2024419700084601,-0.5092596102895919,0.8031381351209399,0.7609119885994442,0.2685299460837953
20240913,1.793787400680591,1.8453963080860447,-0.668467218203328,1.6989363687245573,0.41315258404888144,1.3236015720453187
20240920,-0.48500117489117534,0.5867011634367092,-0.051842779460620214,-4.782160548319803,1.9452742085034558,0.24665744558234337
20240927,0.2347453680243472,1.4616822197668355,-0.15585046093191668,-1.606579551730769,-0.14408276014193921,2.540125193265874
20241004,-2.030153350131192,0.6562648733830612,-1.10379286576624,-3.5285148276598455,-0.40574596186641054,-1.4868311633923992
20241011,0.5821652758901008,0.5980824553406761,0.8834611994960717,-0.45531073836798663,0.9813436769049666,1.2089510786084778
20241018,2.4431237696582286,0.7688514916208256,4.438419551590389,4.029416238128913,2.529433447065932,1.5074739273503335
20241025,2.106435983599386,3.5835960530817834,1.8470943757336933,-0.9593285698479836,-0.04210596479895523,-1.5317995384761196
20241101,0.5273591521407495,4.672410808050742,0.744124175928329,-2.346947371366215,-2.25831318383658,-1.3123374407984945
20241108,3.637568720779649,-2.125014870894537,-1.0378941510168382,-2.925951556750239,-2.802149230913853,-2.2067105725068425
20241115,0.508262106189683,-1.8545660058358449,-3.4404398097370725,-1.3744795106742536,-1.6330974757550853,-1.8885793590776356
20241122,2.0391026088228736,0.2672498250708699,4.636868468879052,0.003817105681136468,0.20920534696724502,-2.113674513156205
20241129,-1.339810905528338,-3.100274262291347,5.980406209419908,0.31302234041070687,-1.0091255199569105,-7.719598602418354
20241206,0.17972066943234832,2.001099377609017,-0.49374489151753354,6.706465318011756,1.840058308298187,3.179571636516476
20241213,-1.3244920251285763,-2.3543536450134517,-1.424058022845287,-1.0493235056220351,0.5823494997087009,0.5089092392436045
20241220,-2.1391631294408686,-3.9685892873458695,-6.934491389914232,-2.409863481498964,-5.7683141626894585,-6.066758162790431
20241227,2.017390464841906,-0.040128510894654745,-1.2087760030226602,0.6220954984272664,0.8705613366188913,1.8556744421088567
20250103,1.0704935533491389,-0.47995098639695977,0.5770791951865473,1.9992224498499356,1.1844146120078447,-0.08740486342707632
20250110,-2.162822167529088,-0.7724685747038218,1.0317149918364965,0.12819945915412134,-2.005970955329728,-1.9718115347949539
20250117,-1.102624908225136,0.277693357296771,1.5348956509448897,-1.458616122201395,3.224377539355938,2.2508370176338444
20250124,3.081981386177479,0.3725927941910179,-2.0454598424837656,-0.9999276211769881,2.6797113406406448,-0.34189179664276814
20250131,-0.7621361636593771,0.20363530203026947,1.9771602721565085,-1.7100864028990581,-0.34899234192155015,-0.4983232130131521
20250207,-2.109906309576026,1.5119688453660185,1.173395484206874,-6.1832074818394815,-6.014735248153336,-4.623876051165943
20250214,1.2035150371732195,1.3738921138778393,0.48589126464892995,-2.440903456914545,-0.9032391823951547,-0.32406706908408855
20250221,6.56052876359523,0.6554694263995575,2.867870007158868,4.465067090289887,1.4954090057443858,-0.2547498992527042
20250228,-3.926445465189543,-3.9922208019517624,-4.147712593650644,-7.4522863311508925,-9.169290705049782,-10.115537606369674
20250307,-0.602734193759491,2.8796542969118377,8.51866704322697,5.970854440834605,3.525906940703072,4.0906881718272725
20250314,-2.87706270517879,-0.354507136947424,-6.790361692139946,-2.0665578948347307,-0.84326978572552,-3.094936421917016
20250321,2.988153427983309,-2.269313150825758,-4.456451427873742,-3.673777272069889,-2.8247776824052884,-2.5699865497441743
20250327,7.2155718435526595,-0.523455369293846,0.4386053790580213,1.6568462568842923,5.413293569245314,4.163491561114485
20250411,-2.7744701709289665,-2.381242712053344,-2.6072254588667243,-3.969810888821057,-2.4888478037442985,-3.428784659318229
20250417,3.876940140079266,2.8105528187944095,4.9105062122108745,4.955247526641449,3.4286696212417533,4.6670910903157115
20250425,1.9050657007587013,3.444651256084885,2.374493519337828,4.360030795772452,3.781608344553855,4.098223092510467
20250502,3.7972644032700176,3.441151263615194,3.5362980635426977,2.591149470710219,2.0576203014433636,-0.1642565950174646
20250509,1.7432632275602211,1.458082128745808,2.166533783400748,0.31708378499610834,0.6157265851337579,-0.927836229909218
20250516,1.3176224525169422,1.1861094999858546,0.5340433398174582,3.7705029269792245,4.944555884499713,3.5670439067753357
20250523,-0.1694441814886316,0.631947374743036,-0.65793975462205,2.3556374805840496,1.822082473013853,1.6065783237032116
20250528,-0.07444600700845516,0.174458009196643,-1.2482008366093478,-1.6816589960610195,0.0499954325251295,0.36826882594382937
20250605,-1.9558181962074928,0.015638741845047655,0.04948940822855352,-0.18184493137901603,-0.5208094913332628,0.08398731794616587
20250613,2.3200052894123413,1.952722241204885,2.8100359188583557,0.9881749163301201,2.073733973171077,0.8803566793704531
20250620,-4.461966610313661,-2.4174739739113216,-1.9348936704755015,-3.1559347872208265,-3.088602770565174,-3.276057175723024
20250626,-0.5219408876009579,-0.4447498589905119,0.6270707897082728,0.4764800407796921,-1.4694013433501851,-1.368209524869235
20250704,-0.41593315226693406,1.0121348522219353,0.2126913888951032,0.28808114838487775,-1.2861012003900107,1.3691823718720686
20250711,0.8121229588763601,2.734576919394871,2.1452006539451007,2.0799258677626886,3.3800474356222576,3.2686274896579492
20250718,-0.933931198697191,2.0501567233320195,2.7110584754705735,6.9788894566979565,0.6954695720733817,1.2797500416188434
20250725,1.7250566071899787,1.621100874900372,1.8834822836410359,3.594749860283253,1.0374954470540931,1.8908232628099597
20250801,1.2845800502659266,3.8970075976169083,1.4643403807389044,0.5982567962624641,0.06652657042380827,2.278372750260438
20250808,0.7158374875515294,0.3937760157020964,0.48147784064287436,-1.3191637013004853,1.0080773168412716,1.042886502904783
20250815,1.7525124028900496,3.5557012107165997,3.267693306691455,5.929511588858571,4.146517897957702,2.3714898020371855
20250822,1.2213548698573717,5.671775267728196,5.77291497697674,-2.168321070818169,1.8998635395737429,4.30917880410937
20250829,1.3185880527610827,0.7176075037800267,6.58661890507839,0.30715251084949546,-0.5589397028381904,-0.011781332611726647
20250904,1.369152858574041,0.48364975952788214,2.0431067980003492,-0.14310305632132536,0.6706711364900642,1.5331031655179128
20250912,5.347562085673441,2.9535462633653475,4.415266206699897,-1.2239000057574279,0.7671058070165993,-0.6345136802306972
20250919,5.295927006329837,2.6577101888625165,2.270742470163656,4.408080364292233,0.9722641906438012,0.059904592777271226
20250926,5.987887902590638,2.9211548123988074,1.6258206524901286,0.16138408268351334,2.3279266330381354,2.6904974670582282
20251003,6.40380743963731,5.577839759387615,2.027258821358946,1.7099842887898786,-0.34327628909686103,0.3890174524296741
20251010,1.688007791517654,2.661654807887426,5.388947085914975,3.1152688020754216,3.3061011938321228,-1.0366803710481043
20251017,-9.76998872335585,-4.980570459738276,-7.022404141969241,-4.3299792309306255,-5.956354667324703,-4.49723991653056
20251024,6.0874694088937975,4.797332117703124,2.991016480095121,2.19408630619351,5.794780976703606,3.274002525947184
20251031,-1.685351919711986,2.076619171372096,-2.934264439938694,-3.085401819078959,0.7997752145155967,1.3082425862817493
20251107,-0.779141705528863,3.3009313535696805,0.43063832107006483,3.86210170561474,1.3919350187320267,0.20478403461439143
20251114,8.560080049742226,2.039512835295354,2.3757117990451215,-0.9268400446520775,2.857634844146406,0.02213471776073561
20251121,-1.5131972848518527,5.385325148581188,1.3835325300767254,0.6433242215198032,-0.16861034669575226,0.7033506752051499
20251128,1.6330459903741934,7.029971972373517,4.547433555303293,1.836701938136165,-0.6025294306191364,2.459264086015245
20251205,2.073272300994078,8.523683480594668,11.405553452647466,0.36223689090528755,3.3010653254714084,1.5476560283638419
20251212,1.4374629310972553,3.189524413480016,-0.511664323925809,-0.6580156237875778,1.728326051988538,-0.17925330488542945
20251219,-2.3521924797126004,-2.9118194189653446,1.129521325394589,-1.5945025494215281,0.21415369585482402,-1.0826133074003264
20251224,-3.3455805761373525,-1.713788296065466,-2.200106365969934,-1.6192269630406764,0.22765772485970892,0.43784132566959677
20260102,3.6508608728035075,7.1729049943645595,7.094302148615816,2.4305186269391044,2.941649232111687,6.092041119154379
20260109,6.520819062710115,10.707113700586568,4.468854664324917,0.854874362405611,2.9864394721831777,6.776861879389662
20260115,-0.11091682118649082,5.3514898011076895,3.2145479615513617,0.4982296502407779,2.61306735869109,0.9225832926131439
20260123,0.2692954016246585,1.3668719063582024,-3.070035770773749,-2.75831250648646,1.2508386353083711,1.088809340340502
20260130,-10.861173770723841,-14.316028137938918,-10.902066717619686,-6.668602930290046,-7.728821024727006,-8.379915942800597
20260206,-12.27771809172371,-10.794617522804973,-5.813666815728602,-3.678075501232625,-5.975943527969163,-3.79775059605002
20260213,7.300130895136592,11.106676354550714,15.019473864972355,2.0799452674990615,4.998755532722177,7.332172320803565
20260220,2.09995377416341,3.431672046264689,2.3189832851268966,-0.5565053247404861,1.9516443535345207,1.1122138782182933
20260227,0.5662458703268536,-1.8950723386400803,-6.666709742956456,-1.4840074279202087,-0.2428456654113731,3.2438634535095767
20260306,-5.374273214035097,-10.662568360021341,-10.216234206522135,-8.137082845559885,-6.748788961556973,-7.282329839747382
20260313,-5.306058378110845,-7.519162083439079,-9.151653827664052,-7.637031850776577,-5.262048181794521,-6.197218187352727
20260317,-0.7369721065429768,0.6912038035284507,1.0337602687131797,-2.2648869038553343,0.6545007668442349,-0.18655261781855836
20260327,2.358455759436473,2.320403074393207,1.1213090911350365,-0.769726821564598,0.38286680323593725,2.243235346737271
20260402,0.7596116391512808,-1.3090807052645204,-2.2117779402375803,-2.2700666851123152,-0.4542710667116756,0.028724860226314597
20260410,3.731310039636848,8.785435344621462,5.384705323846828,10.27024544851145,2.7034661782865177,2.83522433905814
20260417,6.345175236234901,6.588106710934127,6.284920715368414,2.9428179891357598,2.93478377520231,4.002832209383778
20260424,-0.7090250484687921,-5.770927436431972,-1.9172675031655095,-10.056171644730528,-3.9131425397636144,-0.6495812773796628
20260430,1.0937545929621262,0.9731755300749656,0.8938075734886475,-3.4034969149550287,-2.1101421009261156,-1.5924151926630992
20260508,-4.138923223263003,-1.644721852489195,-1.2205497132623977,-1.149877267232946,3.747911150821581,-2.0851664482166576
20260513,2.6440074414609827,-1.5260892399605153,-1.861003494804947,-6.563783338265672,-2.013646465353869,-1.5775427726195779
20260522,-12.13737856603191,-13.199380469679733,-9.645462466504828,-12.19005394804108,-5.597814870868579,-9.002210759567731
20260529,0.9230631885825735,1.1010213473052755,-0.99607928466241,2.7922077043099014,-1.3624859206357032,-2.042825191436104
20260605,-9.044854689217319,-8.400727819541254,-12.233951772314967,-7.247841635107399,-8.91436023688934,-10.14784485646053
20260612,7.267206056650033,7.6608054519023305,5.65773516584398,8.437768926971078,5.7762040916480295,7.100407649510143
20260619,2.360983541533157,3.9732758705786297,3.2836106955156374,2.886437349335691,3.05929303061081,1.8592337209795362
20260626,-2.0079584933320627,-5.714163141746543,-3.898208067693776,-4.337801730988655,-3.244266624998693,-5.308369702302651
20260703,5.450652192812622,-1.6124243971600172,-1.6076067991161236,0.7468264963865101,-0.7700471809739873,0.032600705909335836
20260710,0.04660771328766078,1.2796762297155428,1.4598861502790106,0.0776694291866109,0.7581583538190051,1.9570007457677896
20260717,1.7754403118186879,3.177810975710549,2.5516461683916303,3.268357189900528,5.347091642220092,4.124453711984022
20260724,2.869840419830405,1.6225293227245974,1.1395295327583543,2.4357761822331847,-1.4256416875932043,0.7431254194885328
20260730,0.5104386311047371,1.762646653640254,1.1775243660417267,-1.3160963756752575,0.418411024936316,1.0124439158500032
