Formation_Year,Variant,Eligible_Firms,Size_Breakpoint_USD_M,BM_30,BM_70,Small_Low,Small_Neutral,Small_High,Big_Low,Big_Neutral,Big_High
2014,ALL,383,127.774602412556,0.43896902504327506,1.1974738832314413,26,75,91,89,78,24
2014,SCREENED,344,175.7982095977295,0.4093422594634195,1.1057373051431403,24,71,77,79,67,26
2015,ALL,405,112.1278030488,0.4341800874116084,1.070705564020604,19,82,102,103,79,20
2015,SCREENED,359,151.747043466864,0.3669721612894761,0.9766012030116008,23,69,88,85,74,20
2016,ALL,423,126.523584,0.5176433017845762,1.5517560583812748,21,87,104,106,82,23
2016,SCREENED,375,162.1196928,0.4593839089620068,1.2661090481963502,24,75,89,89,74,24
2017,ALL,438,149.12426590602,0.4613112098058817,1.2694717338574915,29,84,106,103,90,26
2017,SCREENED,403,179.201608104449,0.4458455217532436,1.195598100880676,27,82,93,94,79,28
2018,ALL,465,131.88798,0.4447938607692545,1.2363258241408155,38,88,107,102,97,33
2018,SCREENED,429,159.652874976336,0.4142368943989098,1.1664290059978801,32,87,96,97,84,33
2019,ALL,512,141.7153899781,0.4119925886329051,1.232002916380423,47,93,116,107,111,38
2019,SCREENED,470,175.41289988036652,0.40463783892677374,1.1652431281527853,45,87,103,96,101,38
2020,ALL,561,85.7073826521682,0.4703813489591841,1.2767288066390472,60,103,118,109,121,50
2020,SCREENED,492,106.87705869205749,0.43019852039890716,1.1646599626332823,53,87,106,95,109,42
2021,ALL,599,102.660130369338,0.4726891455198541,1.2391810253056699,59,112,129,121,127,51
2021,SCREENED,537,129.409779232915,0.45244799002243746,1.200121166100124,59,97,113,102,118,48
2022,ALL,654,104.22147342877,0.37781893491180846,1.124641408351957,70,136,121,126,126,75
2022,SCREENED,582,133.13652611622,0.3578138065648929,1.0872901816449159,61,124,106,114,108,69
2023,ALL,709,83.1241790757391,0.43583006991248363,1.2434270696014071,82,147,126,131,136,87
2023,SCREENED,607,123.04537373205,0.406046739022866,1.1860227889376738,70,131,103,112,112,79
2024,ALL,791,55.6200295113987,0.49392507249557827,1.3678692666150063,84,161,151,154,155,86
2024,SCREENED,615,104.3305036704,0.42913872157126154,1.2258681048781317,67,128,113,118,117,72
2025,ALL,818,64.2703912114979,0.5239839430169039,1.5474480791425351,86,157,166,160,169,80
2025,SCREENED,666,106.42248466721199,0.4808960780916581,1.3230036377229155,73,141,119,127,125,81
2026,ALL,799,63.1601861346235,0.3494834086671566,1.1483253081245426,98,166,136,142,153,104
2026,SCREENED,671,96.1867328445868,0.3342491039389641,1.0753386865717545,79,144,113,123,123,89
