Date,SMB,HML
201501,-2.1674612785422487,-3.6647022477532154
201502,0.13738307917143083,-6.244213099987562
201503,-0.5292262547229513,-5.909549674214231
201504,4.342961961119418,0.5253336741539438
201505,0.08140534299029652,-3.5217382413735345
201506,3.3433161545903367,-4.269383486625827
201507,3.835523597676408,-4.875460161783213
201508,3.033492321254282,-6.454245892938876
201509,4.060452910535643,0.5902830493793754
201510,-7.1514819075356435,-1.898084135126088
201511,3.256058205295824,-6.068907489687231
201512,3.5260767018077304,-8.546467557142734
201601,-1.7336777145582092,-4.442187168395701
201602,-2.188144763439792,4.475337838307586
201603,-0.2780550858205791,6.708357351822237
201604,-4.454431551985423,12.924809413748427
201605,3.7387196723276617,-7.818961097469734
201606,-5.718368860017856,7.6203618536116124
201607,-3.3736375482867302,10.590565894905657
201608,-0.4961390265967758,-1.3399926434050746
201609,-3.4201670886134163,4.923142814580489
201610,-4.556505273104738,11.989166519243577
201611,3.5181512060494136,8.533035442060916
201612,2.257226483026276,-5.292557960471927
201701,7.662484480306119,10.91399675647095
201702,-6.746279815020221,-0.5438380400778264
201703,3.4287733115973875,4.3409137696102995
201704,0.9067871042316396,5.217365114833278
201705,1.8093462004947918,-0.5377669745506575
201706,1.4754519859392614,-4.724457159060003
201707,-3.3081940346788055,3.2050907651760054
201708,-1.521270368475358,-0.9066167773566391
201709,-2.3420479805089287,3.852053004543843
201710,-2.020106431615195,4.610976017699143
201711,-1.2690634035312196,1.0686591345810736
201712,-4.810363312097277,-6.155775437510641
201801,-8.768287521858948,22.40503270638163
201802,3.4419780647214404,5.626446822116193
201803,5.585267851549891,-0.1079974590640187
201804,2.837159232728903,5.122982692949046
201805,-2.711782745817615,9.565735691130255
201806,2.40131084693231,-1.9966211000158107
201807,-0.7667103588286002,-0.34798951770811937
201808,0.9691516395012867,-4.328691625368242
201809,0.6455008360090199,-2.6057811778415987
201810,4.05372459942404,-6.529349190142309
201811,-1.3114126044063257,-3.7931546064158828
201812,1.6473970488370442,3.239760649919965
201901,-5.838423111943502,10.702953151661804
201902,3.884018720623572,-0.1456321088189938
201903,0.666600087584801,-6.952785653840338
201904,-1.7408369126187373,-0.6230304783959251
201905,2.3071431178579496,-0.9432845000935608
201906,-4.77493707340807,4.949090166954956
201907,0.1339817071097575,2.193390631716252
201908,1.314123055109769,-4.0753482954260125
201909,0.6201888044487627,0.5798668855437394
201910,0.3887894852468469,0.34203733126191294
201911,-3.777565351089966,-0.9439168725127567
201912,-6.320577505878521,1.8451889609743921
202001,1.0141996879293445,-3.6495596946972295
202002,0.540707300087373,-1.0951191501252067
202003,13.97925616831487,-5.2541123107584635
202004,-2.117903362424371,-0.9857653341747263
202005,-1.1236923500564155,1.8239143669650348
202006,4.790726183466868,1.5904871894243278
202007,-2.792213403024572,1.6518731446506396
202008,-3.286088839083723,8.29325296879021
202009,4.647182157067782,-1.3039236625267125
202010,-3.6077874722100223,2.531396603729086
202011,-4.047859027030272,8.4794018224704
202012,3.7957637119471794,0.6379273802446517
202101,-2.257278759608128,-2.788874503267036
202102,8.288925351574697,11.090217990152052
202103,4.994377566850398,-1.1220254330825796
202104,9.455785394046307,-1.7960199701948398
202105,6.219901677744122,-3.0147731152777633
202106,0.5001082649847108,0.1366774876680743
202107,2.829873514058871,2.0434512044085085
202108,3.680256662479753,4.913250201853536
202109,2.225288580516497,-4.663605190112024
202110,-2.3020409315868053,2.66208747269181
202111,2.892281846887194,8.528147610106368
202112,1.3357289768691698,2.649857101066788
202201,-0.5861855522095394,-0.9486519934490234
202202,-3.3020098786205856,-0.5990759090476749
202203,-0.6773135395378715,0.532313257808692
202204,-4.453344599416757,3.157739958610295
202205,6.887752142170256,7.827808049452301
202206,-0.07238585924328467,-0.43859842485535205
202207,-0.8349919494536451,3.4187463607473267
202208,-2.2857704695196173,4.121029123301357
202209,2.391464653543255,-1.325376134255113
202210,-3.8171514298573794,3.2968099101324313
202211,-0.6268556737664206,-2.193857589345499
202212,-1.6909165955411143,-4.813168307961158
202301,-3.33842315598117,5.043602441865719
202302,-1.18250962064117,1.0544410283161776
202303,-1.4459004541238754,0.1402580035697487
202304,-1.6874625614776446,-0.5699293093879954
202305,3.500211375169282,1.8091952206670703
202306,-2.7355984282553925,4.5364296306299785
202307,0.6826724533282557,3.011740741633828
202308,-0.2734416968235398,0.47193127696454895
202309,-0.25132273094315616,4.650651024984204
202310,2.1622712672593636,-2.6637815466273915
202311,-0.10525895104042844,-3.3614819116545123
202312,-4.1893201766327754,-5.508651713881524
202401,-4.8920042567930775,1.211620795273799
202402,-4.175374486363759,1.5587971993762828
202403,-5.010614749357211,0.6035538190612921
202404,-2.9346729217355185,-2.585839112047278
202405,0.11634321351350341,0.6946791543733732
202406,-1.2478551453060278,-1.934475984296119
202407,3.9069147572228604,6.796705161634975
202408,3.931940446981656,6.341090385446623
202409,1.4758059335161389,2.378878262753564
202410,5.799904605567385,2.067461947275362
202411,8.742528267779559,-1.0559639820405253
202412,-2.623686725518152,-9.509286854052373
202501,4.691201702385802,1.2155455869935272
202502,16.29431293060225,2.912376362309904
202503,-0.656913507348796,-7.9757795954129795
202504,-0.47612439214078306,-0.20263397896578272
202505,-0.3768274325685786,-3.172025351203289
202506,2.731398632313975,3.7628380628516367
202507,1.2855283648123272,-1.2871417910599203
202508,11.529200978451922,11.365806188426719
202509,13.759998549282235,-0.9293773299523744
202510,0.9250418949254491,-5.45555496425269
202511,5.841150886255661,-3.7998929587214514
202512,9.274380471067047,9.947372488483852
202601,3.925103588160058,6.3521191374970805
202602,-2.5011566132071743,8.196745616718104
202603,-1.925919779141605,1.4046019178201585
202604,12.992800643060102,2.2887364551278546
202605,-3.133031539994739,1.350240203645181
202606,-2.923476792086388,-3.983275322650026
202607,3.769492350059826,-4.153957142456221
